{
  "project_info": {
    "project_number": "336492579078",
    "firebase_url": "https://ex10-aa838-default-rtdb.firebaseio.com",
    "project_id": "ex10-aa838",
    "storage_bucket": "ex10-aa838.appspot.com"
  },
  "client": [
    {
      "client_info": {
        "mobilesdk_app_id": "1:336492579078:android:13195ed9e32b2449fcf687",
        "android_client_info": {
          "package_name": "com.example.ex10"
        }
      },
      "oauth_client": [
        {
          "client_id": "336492579078-ron9otsne72c9gcivimbp788spaegmh9.apps.googleusercontent.com",
          "client_type": 3
        }
      ],
      "api_key": [
        {
          "current_key": "AIzaSyDzI7yK2SVp6k2yN7DqEOf5XmvzBrcyNGk"
        }
      ],
      "services": {
        "appinvite_service": {
          "other_platform_oauth_client": [
            {
              "client_id": "336492579078-ron9otsne72c9gcivimbp788spaegmh9.apps.googleusercontent.com",
              "client_type": 3
            }
          ]
        }
      }
    },
    {
      "client_info": {
        "mobilesdk_app_id": "1:336492579078:android:6c41552678dd3becfcf687",
        "android_client_info": {
          "package_name": "com.example.ex11"
        }
      },
      "oauth_client": [
        {
          "client_id": "336492579078-ron9otsne72c9gcivimbp788spaegmh9.apps.googleusercontent.com",
          "client_type": 3
        }
      ],
      "api_key": [
        {
          "current_key": "AIzaSyDzI7yK2SVp6k2yN7DqEOf5XmvzBrcyNGk"
        }
      ],
      "services": {
        "appinvite_service": {
          "other_platform_oauth_client": [
            {
              "client_id": "336492579078-ron9otsne72c9gcivimbp788spaegmh9.apps.googleusercontent.com",
              "client_type": 3
            }
          ]
        }
      }
    },
    {
      "client_info": {
        "mobilesdk_app_id": "1:336492579078:android:33d1382ebe890639fcf687",
        "android_client_info": {
          "package_name": "com.example.ex16"
        }
      },
      "oauth_client": [
        {
          "client_id": "336492579078-ron9otsne72c9gcivimbp788spaegmh9.apps.googleusercontent.com",
          "client_type": 3
        }
      ],
      "api_key": [
        {
          "current_key": "AIzaSyDzI7yK2SVp6k2yN7DqEOf5XmvzBrcyNGk"
        }
      ],
      "services": {
        "appinvite_service": {
          "other_platform_oauth_client": [
            {
              "client_id": "336492579078-ron9otsne72c9gcivimbp788spaegmh9.apps.googleusercontent.com",
              "client_type": 3
            }
          ]
        }
      }
    }
  ],
  "configuration_version": "1"
}